length,4575
mean,2014.862950819672
variance,15.688909086953828
median,2016
quartile1,2014
quartile3,2016
